Zipcode,Accuracy,Precision,Recall,F1 Score
98115,0.282952253,0.135811514,0.282952253,0.170349683
98105,0.249445983,0.133860231,0.249445983,0.143474048
98199,0.316683317,0.128951739,0.316683317,0.178705249
98103,0.293567251,0.145512362,0.293567251,0.177218701
98122,0.223600196,0.111632746,0.223600196,0.134088417
98144,0.264961726,0.134239173,0.264961726,0.157477923
98102,0.252567237,0.102249994,0.252567237,0.141895895
98108,0.214630429,0.132009886,0.214630429,0.156602526
98119,0.306546696,0.143227345,0.306546696,0.19430094
98134,0.341384283,0.261265788,0.341384283,0.191802408
98109,0.350810574,0.191724691,0.350810574,0.231181296
11601,0.323809524,0.104852608,0.323809524,0.158410415
98104,0.304107425,0.183487617,0.304107425,0.191778473
98126,0.247453171,0.109772777,0.247453171,0.147500075
98116,0.219445395,0.090292717,0.219445395,0.122418343
98107,0.255004352,0.129351925,0.255004352,0.164531406
98101,0.332891247,0.154968807,0.332891247,0.200825312
13241,0.289772727,0.112198691,0.289772727,0.142137784
98125,0.269145803,0.179726675,0.269145803,0.190773102
10530,0.184615385,0.03408284,0.184615385,0.057542458
98121,0.367853042,0.180324797,0.367853042,0.228845218
98106,0.194013304,0.060705121,0.194013304,0.092230551
72751,0.5,0.25,0.5,0.333333333
13802,0.25,0.0625,0.25,0.1
98133,0.214666667,0.090598513,0.214666667,0.117314218
98112,0.278460007,0.13440887,0.278460007,0.155126789
98118,0.251139471,0.143718063,0.251139471,0.175734267
98117,0.288690476,0.149510895,0.288690476,0.182956672
98136,0.276960784,0.128878644,0.276960784,0.145302562
13805,1,1,1,1
11500,0.37037037,0.137174211,0.37037037,0.2002002
10529,0.125,0.015625,0.125,0.027777778
12032,0.236842105,0.056094183,0.236842105,0.090705487
13330,0.166666667,0.027777778,0.166666667,0.047619048
13727,0.166666667,0.027777778,0.166666667,0.047619048
11240,0.166666667,0.027777778,0.166666667,0.047619048
13761,0.666666667,0.444444444,0.666666667,0.533333333
98146,0.311320755,0.096920612,0.311320755,0.147821366
10432,0.133333333,0.017777778,0.133333333,0.031372549
98181,0.343434343,0.161616162,0.343434343,0.21355804
98178,0.252066116,0.090458302,0.252066116,0.131934366
10024,0.363636364,0.132231405,0.363636364,0.193939394
11024,0.105263158,0.011080332,0.105263158,0.020050125
10046,0.2,0.04,0.2,0.066666667
13732,0.136363636,0.018595041,0.136363636,0.032727273
11205,0.6,0.36,0.6,0.45
10023,0.222222222,0.049382716,0.222222222,0.080808081
10735,0.282051282,0.108502024,0.282051282,0.154076808
13131,0.4,0.16,0.4,0.228571429
10122,0.25,0.0625,0.25,0.1
10011,0.058823529,0.003460208,0.058823529,0.006535948
12540,0.267605634,0.102347418,0.267605634,0.145117371
10234,0.066666667,0.004444444,0.066666667,0.008333333
11308,0.163636364,0.02677686,0.163636364,0.046022727
10723,0.352941176,0.132352941,0.352941176,0.192513369
98195,0.454545455,0.20661157,0.454545455,0.284090909
10033,0,0,0,0
10511,0.133333333,0.017777778,0.133333333,0.031372549
98164,0.292682927,0.169265627,0.292682927,0.162868757
10049,0.222222222,0.049382716,0.222222222,0.080808081
12045,0.202312139,0.040930201,0.202312139,0.068085816
11335,0.25,0.0625,0.25,0.1
98177,0.323843416,0.104874558,0.323843416,0.158439521
10030,0.294117647,0.08650519,0.294117647,0.13368984
12301,0.230769231,0.053254438,0.230769231,0.086538462
11049,0.166666667,0.027777778,0.166666667,0.047619048
12327,0.266666667,0.109760282,0.266666667,0.145045183
14334,0.205882353,0.042387543,0.205882353,0.070301291
11228,0.191489362,0.036668176,0.191489362,0.061550152
10228,0.142857143,0.020408163,0.142857143,0.035714286
12020,0,0,0,0
10533,0.225,0.050625,0.225,0.082653061
10636,0.166666667,0.027777778,0.166666667,0.047619048
98154,0.413793103,0.231378854,0.413793103,0.291511339
10434,0.181818182,0.145454545,0.181818182,0.161616162
11728,0.448275862,0.200951249,0.448275862,0.277504105
13623,0,0,0,0
10252,0.428571429,0.183673469,0.428571429,0.257142857
11740,0.090909091,0.008264463,0.090909091,0.015151515
14057,0.5,0.25,0.5,0.333333333
12431,0,0,0,0
18990,0.375,0.140625,0.375,0.204545455
14332,0.071428571,0.005102041,0.071428571,0.00952381
13731,0.129032258,0.016649324,0.129032258,0.029493088
13280,0.25,0.107517483,0.25,0.14943609
12325,0.205882353,0.042387543,0.205882353,0.070301291
10811,0.5,0.25,0.5,0.333333333
13530,0.224137931,0.050237812,0.224137931,0.082078679
11226,0.28,0.124126984,0.28,0.160802676
10237,0,0,0,0
10832,0,0,0,0
10018,0,0,0,0
14312,0,0,0,0
11029,0.133333333,0.017777778,0.133333333,0.031372549
12014,0.333333333,0.111111111,0.333333333,0.166666667
11309,0.285714286,0.081632653,0.285714286,0.126984127
10217,0.470588235,0.221453287,0.470588235,0.301176471
10332,0.25,0.0625,0.25,0.1
13434,0.157894737,0.024930748,0.157894737,0.043062201
13215,0.208955224,0.043662286,0.208955224,0.072231435
11220,0.125,0.015625,0.125,0.027777778
11007,0.5,0.25,0.5,0.333333333
10616,0.086956522,0.007561437,0.086956522,0.013913043
11147,0.234375,0.054931641,0.234375,0.089003165
10222,0.5,0.25,0.5,0.333333333
10526,0.081967213,0.012724434,0.081967213,0.021552218
10750,0.111111111,0.012345679,0.111111111,0.022222222
10700,0.428571429,0.183673469,0.428571429,0.257142857
13036,0.666666667,0.444444444,0.666666667,0.533333333
10310,0,0,0,0
10335,0.238095238,0.056689342,0.238095238,0.091575092
14302,0.5,0.25,0.5,0.333333333
10244,0.2,0.04,0.2,0.066666667
11117,0.25,0.0625,0.25,0.1
10565,0.24137931,0.058263971,0.24137931,0.093869732
14025,0.125,0.015625,0.125,0.027777778
11559,0.222222222,0.049382716,0.222222222,0.080808081
13400,0.125,0.015625,0.125,0.027777778
14335,0.181818182,0.033057851,0.181818182,0.055944056
65050,0.5,0.25,0.5,0.333333333
10730,0.375,0.140625,0.375,0.204545455
14036,0.309859155,0.12021541,0.309859155,0.171667687
14031,0.333333333,0.111111111,0.333333333,0.166666667
13227,0.375,0.140625,0.375,0.204545455
98174,0.142857143,0.020408163,0.142857143,0.035714286
14338,0,0,0,0
13520,0.115384615,0.013313609,0.115384615,0.023872679
10516,0.333333333,0.333333333,0.333333333,0.333333333
10213,0.230769231,0.053254438,0.230769231,0.086538462
10610,0,0,0,0
11509,0.6,0.36,0.6,0.45
12726,0.11627907,0.013520822,0.11627907,0.024224806
10026,0.35,0.1225,0.35,0.181481481
14032,0,0,0,0
11027,0.178571429,0.031887755,0.178571429,0.054112554
12528,0.14084507,0.019837334,0.14084507,0.034776561
12520,0.25,0.0625,0.25,0.1
14104,0,0,0,0
13028,0.285714286,0.081632653,0.285714286,0.126984127
11032,0.142857143,0.020408163,0.142857143,0.035714286
13204,0.277777778,0.077160494,0.277777778,0.120772947
11000,0.5,0.25,0.5,0.333333333
13527,0.194444444,0.037808642,0.194444444,0.063307494
10300,0.833333333,0.694444444,0.833333333,0.757575758
13728,0.155844156,0.024287401,0.155844156,0.04202539
10031,0.181818182,0.033057851,0.181818182,0.055944056
12232,0.19047619,0.036281179,0.19047619,0.060952381
11526,0.36,0.1296,0.36,0.190588235
11528,0.256410256,0.06574622,0.256410256,0.104657248
10022,0,0,0,0
12241,0.428571429,0.183673469,0.428571429,0.257142857
10728,0.272727273,0.074380165,0.272727273,0.116883117
11346,0.5,0.25,0.5,0.333333333
27321,0.571428571,0.326530612,0.571428571,0.415584416
10720,0,0,0,0
10541,0.25,0.25,0.25,0.25
11736,0.05,0.0025,0.05,0.004761905
11328,0.333333333,0.111111111,0.333333333,0.166666667
11030,0.222222222,0.049382716,0.222222222,0.080808081
10416,0.363636364,0.132231405,0.363636364,0.193939394
14000,0.257142857,0.079242979,0.257142857,0.12001332
12026,0.188235294,0.035432526,0.188235294,0.059638905
10818,0.4,0.16,0.4,0.228571429
11533,0.35,0.1225,0.35,0.181481481
13503,0.225806452,0.050988554,0.225806452,0.083191851
14301,0.2,0.04,0.2,0.066666667
10538,0,0,0,0
12008,0.368421053,0.135734072,0.368421053,0.198380567
11522,0.289473684,0.083795014,0.289473684,0.129967777
11516,0.111111111,0.012345679,0.111111111,0.022222222
11028,0,0,0,0
10104,0.307692308,0.094674556,0.307692308,0.14479638
12545,0.095238095,0.009070295,0.095238095,0.016563147
10419,0,0,0,0
11515,0.4,0.16,0.4,0.228571429
12826,0,0,0,0
11704,0.5,0.25,0.5,0.333333333
13341,0.076923077,0.00591716,0.076923077,0.010989011
11817,0,0,0,0
14044,0.416666667,0.173611111,0.416666667,0.245098039
10438,0,0,0,0
11242,0.25,0.0625,0.25,0.1
10339,0.150943396,0.022783909,0.150943396,0.03959171
10124,0,0,0,0
12229,0.2,0.04,0.2,0.066666667
10230,0.285714286,0.081632653,0.285714286,0.126984127
12714,0.142857143,0.020408163,0.142857143,0.035714286
10615,0.166666667,0.066666667,0.166666667,0.095238095
10414,0,0,0,0
10028,0.125,0.015625,0.125,0.027777778
14316,0.4,0.16,0.4,0.228571429
11732,0.266666667,0.071111111,0.266666667,0.112280702
14326,0.066666667,0.004444444,0.066666667,0.008333333
11733,0,0,0,0
10514,0.2,0.04,0.2,0.066666667
11710,0.285714286,0.081632653,0.285714286,0.126984127
10336,0.125,0.015625,0.125,0.027777778
11252,0.375,0.140625,0.375,0.204545455
11115,0,0,0,0
10726,0.055555556,0.00308642,0.055555556,0.005847953
12501,0.285714286,0.081632653,0.285714286,0.126984127
11727,0.181818182,0.033057851,0.181818182,0.055944056
12029,0.357142857,0.12755102,0.357142857,0.187969925
11434,0.333333333,0.111111111,0.333333333,0.166666667
10449,0.5,0.25,0.5,0.333333333
10724,0.085714286,0.007346939,0.085714286,0.013533835
14331,0.2,0.04,0.2,0.066666667
10220,0,0,0,0
10425,1,1,1,1
14327,0.111111111,0.022222222,0.111111111,0.037037037
14034,0.192307692,0.036982249,0.192307692,0.062034739
12328,0.3,0.09,0.3,0.138461538
12549,0.166666667,0.027777778,0.166666667,0.047619048
10734,0.1,0.01,0.1,0.018181818
11729,0.111111111,0.012345679,0.111111111,0.022222222
10500,0.210526316,0.04432133,0.210526316,0.073226545
13300,0.206896552,0.042806183,0.206896552,0.070935961
10524,0.347826087,0.120982987,0.347826087,0.179523142
10719,0,0,0,0
10216,0.5,0.5,0.5,0.5
11530,0.166666667,0.027777778,0.166666667,0.047619048
10701,0.352941176,0.124567474,0.352941176,0.184143223
10711,0.175,0.030625,0.175,0.05212766
12504,0,0,0,0
13817,0.076923077,0.00591716,0.076923077,0.010989011
10702,0.238095238,0.056689342,0.238095238,0.091575092
11719,1,1,1,1
10725,0.166666667,0.027777778,0.166666667,0.047619048
10521,0.111111111,0.012345679,0.111111111,0.022222222
10721,0.096774194,0.009365245,0.096774194,0.017077799
12731,0.228070175,0.052016005,0.228070175,0.084711779
11722,0.153846154,0.023668639,0.153846154,0.041025641
12028,0.230769231,0.053254438,0.230769231,0.086538462
10312,0.333333333,0.111111111,0.333333333,0.166666667
12536,0.428571429,0.183673469,0.428571429,0.257142857
10321,0.333333333,0.111111111,0.333333333,0.166666667
13318,0.333333333,0.111111111,0.333333333,0.166666667
13026,0.166666667,0.027777778,0.166666667,0.047619048
13220,0,0,0,0
12010,0,0,0,0
10238,0,0,0,0
13737,0.2,0.04,0.2,0.066666667
12530,0.466666667,0.217777778,0.466666667,0.296969697
13601,0.5,0.25,0.5,0.333333333
11543,0,0,0,0
14310,0.363636364,0.132231405,0.363636364,0.193939394
11781,0.75,0.5625,0.75,0.642857143
14030,0.133333333,0.017777778,0.133333333,0.031372549
10731,0.4,0.16,0.4,0.228571429
13332,0.090909091,0.008264463,0.090909091,0.015151515
11026,0.076923077,0.00591716,0.076923077,0.010989011
13744,0.5,0.25,0.5,0.333333333
14330,0.142857143,0.020408163,0.142857143,0.035714286
11425,0.5,0.25,0.5,0.333333333
11212,0.166666667,0.027777778,0.166666667,0.047619048
13322,0.153846154,0.023668639,0.153846154,0.041025641
10209,0.5,0.25,0.5,0.333333333
13234,0,0,0,0
10816,0.333333333,0.111111111,0.333333333,0.166666667
10716,0.285714286,0.081632653,0.285714286,0.126984127
12566,0.142857143,0.020408163,0.142857143,0.035714286
12030,0.290322581,0.084287201,0.290322581,0.130645161
14027,0.181818182,0.033057851,0.181818182,0.055944056
12224,0.6,0.36,0.6,0.45
12526,0.333333333,0.111111111,0.333333333,0.166666667
10063,0,0,0,0
10902,0.5,0.25,0.5,0.333333333
10758,0,0,0,0
10732,0.2,0.04,0.2,0.066666667
13050,0,0,0,0
11035,0,0,0,0
14300,0,0,0,0
13019,0.333333333,0.111111111,0.333333333,0.166666667
12317,0,0,0,0
13760,0,0,0,0
13034,0.25,0.0625,0.25,0.1
10218,0,0,0,0
13746,0,0,0,0
10532,0.142857143,0.020408163,0.142857143,0.035714286
13717,0.111111111,0.012345679,0.111111111,0.022222222
13738,0,0,0,0
11214,0.454545455,0.20661157,0.454545455,0.284090909
10525,0,0,0,0
10647,0,0,0,0
11735,0.166666667,0.027777778,0.166666667,0.047619048
10107,0,0,0,0
10325,0,0,0,0
10226,0.454545455,0.20661157,0.454545455,0.284090909
14023,0,0,0,0
11803,0.333333333,0.111111111,0.333333333,0.166666667
11926,0,0,0,0
10634,0,0,0,0
10307,0,0,0,0
10002,0,0,0,0
13734,0,0,0,0
11025,0.256410256,0.06574622,0.256410256,0.104657248
11404,0.111111111,0.012345679,0.111111111,0.022222222
10620,0.2,0.04,0.2,0.066666667
10324,0.222222222,0.077777778,0.222222222,0.111111111
13604,0.25,0.0625,0.25,0.1
10060,0.142857143,0.020408163,0.142857143,0.035714286
43446,0.5,0.25,0.5,0.333333333
10661,0.5,0.25,0.5,0.333333333
11912,0.5,0.25,0.5,0.333333333
10045,0.5,0.25,0.5,0.333333333
10001,0.333333333,0.111111111,0.333333333,0.166666667
10037,0.375,0.140625,0.375,0.204545455
11512,0.333333333,0.111111111,0.333333333,0.166666667
13526,0,0,0,0
13924,0,0,0,0
11415,0,0,0,0
10358,0.071428571,0.005102041,0.071428571,0.00952381
10528,0.129032258,0.016649324,0.129032258,0.029493088
10501,0.352941176,0.141176471,0.352941176,0.201680672
10326,0.142857143,0.020408163,0.142857143,0.035714286
13515,0.5,0.25,0.5,0.333333333
11720,0.25,0.0625,0.25,0.1
12033,0.25,0.0625,0.25,0.1
10352,0.5,0.25,0.5,0.333333333
10622,0.166666667,0.027777778,0.166666667,0.047619048
13333,0.5,0.25,0.5,0.333333333
11057,0,0,0,0
11730,0.142857143,0.020408163,0.142857143,0.035714286
12220,0.384615385,0.147928994,0.384615385,0.213675214
10345,0,0,0,0
10305,0.333333333,0.111111111,0.333333333,0.166666667
10628,0.222222222,0.049382716,0.222222222,0.080808081
13535,0.333333333,0.111111111,0.333333333,0.166666667
10733,0.25,0.0625,0.25,0.1
11841,0,0,0,0
13726,0.166666667,0.027777778,0.166666667,0.047619048
13720,0,0,0,0
10830,0,0,0,0
10301,0.222222222,0.049382716,0.222222222,0.080808081
13319,0,0,0,0
10412,0,0,0,0
10630,0,0,0,0
11111,0,0,0,0
10036,0.214285714,0.045918367,0.214285714,0.075630252
13047,0.333333333,0.111111111,0.333333333,0.166666667
10025,0,0,0,0
13529,0.222222222,0.049382716,0.222222222,0.080808081
11653,0.25,0.0625,0.25,0.1
10417,0,0,0,0
14425,0.5,0.25,0.5,0.333333333
12025,0.15,0.0225,0.15,0.039130435
14324,0.5,0.25,0.5,0.333333333
10141,0,0,0,0
10612,0.2,0.04,0.2,0.066666667
12734,0.416666667,0.173611111,0.416666667,0.245098039
11756,0,0,0,0
13025,0.166666667,0.027777778,0.166666667,0.047619048
11532,0.157894737,0.024930748,0.157894737,0.043062201
13410,0.333333333,0.111111111,0.333333333,0.166666667
10415,0.166666667,0.027777778,0.166666667,0.047619048
13729,0.142857143,0.020408163,0.142857143,0.035714286
12728,0.25,0.0625,0.25,0.1
10430,0.454545455,0.20661157,0.454545455,0.284090909
10330,0.142857143,0.020408163,0.142857143,0.035714286
13532,0.166666667,0.027777778,0.166666667,0.047619048
12027,0.6,0.36,0.6,0.45
10505,0,0,0,0
11139,0,0,0,0
10740,0.166666667,0.027777778,0.166666667,0.047619048
11812,0,0,0,0
11520,0.4,0.16,0.4,0.228571429
10256,0,0,0,0
11700,0.2,0.04,0.2,0.066666667
12547,0.2,0.04,0.2,0.066666667
11061,1,1,1,1
11217,0.25,0.0625,0.25,0.1
13533,0.333333333,0.111111111,0.333333333,0.166666667
12228,0.416666667,0.173611111,0.416666667,0.245098039
11815,0.5,0.25,0.5,0.333333333
14047,0,0,0,0
10819,0.25,0.0625,0.25,0.1
11527,0.285714286,0.081632653,0.285714286,0.126984127
14315,0.5,0.25,0.5,0.333333333
11708,1,1,1,1
11001,0.25,0.0625,0.25,0.1
98057,0.142857143,0.020408163,0.142857143,0.035714286
14016,0.333333333,0.111111111,0.333333333,0.166666667
10540,0,0,0,0
11524,0,0,0,0
10536,0.181818182,0.033057851,0.181818182,0.055944056
11038,0,0,0,0
11326,0,0,0,0
11605,0.090909091,0.008264463,0.090909091,0.015151515
12625,0.375,0.140625,0.375,0.204545455
14017,0,0,0,0
10908,0,0,0,0
13033,0.090909091,0.008264463,0.090909091,0.015151515
11020,0,0,0,0
11551,0,0,0,0
11809,0.333333333,0.111111111,0.333333333,0.166666667
11840,0,0,0,0
12548,1,1,1,1
11430,0.333333333,0.111111111,0.333333333,0.166666667
11625,0,0,0,0
14308,0,0,0,0
10146,0.333333333,0.111111111,0.333333333,0.166666667
12722,0,0,0,0
10328,0.333333333,0.111111111,0.333333333,0.166666667
14325,0.15,0.0225,0.15,0.039130435
11327,0.272727273,0.074380165,0.272727273,0.116883117
11744,0,0,0,0
10420,0,0,0,0
11168,0,0,0,0
13336,0,0,0,0
12732,0.2,0.04,0.2,0.066666667
10824,0,0,0,0
11208,0.5,0.25,0.5,0.333333333
10050,0.333333333,0.111111111,0.333333333,0.166666667
10109,0,0,0,0
12727,0.111111111,0.012345679,0.111111111,0.022222222
12019,0.5,0.25,0.5,0.333333333
13733,0.25,0.0625,0.25,0.1
10426,0,0,0,0
11002,0,0,0,0
10034,0,0,0,0
64168,1,1,1,1
10015,0.333333333,0.111111111,0.333333333,0.166666667
10012,0,0,0,0
10418,0.666666667,0.444444444,0.666666667,0.533333333
12735,0.5,0.25,0.5,0.333333333
10422,0.2,0.04,0.2,0.066666667
10627,0,0,0,0
10142,0,0,0,0
13414,0.25,0.0625,0.25,0.1
12316,0,0,0,0
12001,0,0,0,0
10200,0.2,0.04,0.2,0.066666667
14050,0,0,0,0
10729,0.428571429,0.183673469,0.428571429,0.257142857
10027,0.666666667,0.444444444,0.666666667,0.533333333
10214,0.5,0.25,0.5,0.333333333
11315,0.333333333,0.166666667,0.333333333,0.222222222
10314,0.333333333,0.111111111,0.333333333,0.166666667
10503,0,0,0,0
11357,0,0,0,0
12708,0,0,0,0
11332,0.142857143,0.020408163,0.142857143,0.035714286
10703,0.333333333,0.111111111,0.333333333,0.166666667
13230,0.2,0.04,0.2,0.066666667
10032,0.142857143,0.020408163,0.142857143,0.035714286
10601,0,0,0,0
10614,0.25,0.0625,0.25,0.1
11410,0,0,0,0
12342,0.375,0.1875,0.375,0.25
12255,0,0,0,0
10102,0.166666667,0.027777778,0.166666667,0.047619048
12720,0,0,0,0
11726,0.25,0.0625,0.25,0.1
14026,0,0,0,0
11709,0.125,0.015625,0.125,0.027777778
10427,0.222222222,0.049382716,0.222222222,0.080808081
11019,0.333333333,0.111111111,0.333333333,0.166666667
13015,0,0,0,0
10334,0.222222222,0.049382716,0.222222222,0.080808081
10306,0.333333333,0.111111111,0.333333333,0.166666667
11933,0,0,0,0
11116,0,0,0,0
12216,0,0,0,0
12002,0,0,0,0
13751,0,0,0,0
12556,0.2,0.04,0.2,0.066666667
10064,0,0,0,0
12226,0.285714286,0.081632653,0.285714286,0.126984127
12736,0.5,0.25,0.5,0.333333333
10404,0,0,0,0
12034,0.125,0.015625,0.125,0.027777778
11610,0,0,0,0
13035,0.18,0.0324,0.18,0.054915254
10020,0.74,0.5476,0.74,0.629425287
12800,0,0,0,0
10035,0.153846154,0.023668639,0.153846154,0.041025641
10445,0,0,0,0
10215,0.25,0.0625,0.25,0.1
13711,0,0,0,0
14140,0.25,0.0625,0.25,0.1
10548,0,0,0,0
10113,0.25,0.0625,0.25,0.1
11523,0.071428571,0.005102041,0.071428571,0.00952381
14348,0.333333333,0.111111111,0.333333333,0.166666667
10554,0,0,0,0
11731,0,0,0,0
12234,0.6,0.36,0.6,0.45
10227,0.666666667,0.444444444,0.666666667,0.533333333
13305,0.5,0.333333333,0.5,0.4
10802,0,0,0,0
10814,0.333333333,0.111111111,0.333333333,0.166666667
13534,0,0,0,0
12015,0.6,0.36,0.6,0.45
10455,0.333333333,0.111111111,0.333333333,0.166666667
10038,0.571428571,0.326530612,0.571428571,0.415584416
10212,0,0,0,0
11902,0,0,0,0
11441,0,0,0,0
10439,0.166666667,0.027777778,0.166666667,0.047619048
11033,0.142857143,0.020408163,0.142857143,0.035714286
12529,0.25,0.0625,0.25,0.1
11305,0,0,0,0
98155,0.142857143,0.020408163,0.142857143,0.035714286
13031,0,0,0,0
12724,0.321428571,0.103316327,0.321428571,0.156370656
10448,0,0,0,0
11300,0.4,0.16,0.4,0.228571429
11842,0,0,0,0
12223,0,0,0,0
11701,0.5,0.25,0.5,0.333333333
10125,0,0,0,0
13239,0,0,0,0
12007,0.333333333,0.111111111,0.333333333,0.166666667
10602,0.5,0.5,0.5,0.5
10550,0.25,0.0625,0.25,0.1
14420,0,0,0,0
12550,0.333333333,0.111111111,0.333333333,0.166666667
13518,0.666666667,0.444444444,0.666666667,0.533333333
10331,0.25,0.0625,0.25,0.1
13002,0,0,0,0
10053,0,0,0,0
11103,0,0,0,0
11354,0.333333333,0.111111111,0.333333333,0.166666667
10424,0.2,0.04,0.2,0.066666667
10817,0.5,0.25,0.5,0.333333333
12333,0.157894737,0.024930748,0.157894737,0.043062201
13024,0,0,0,0
10121,0,0,0,0
10236,0.428571429,0.183673469,0.428571429,0.257142857
10617,0.5,0.25,0.5,0.333333333
10223,0.333333333,0.111111111,0.333333333,0.166666667
12560,0,0,0,0
11251,0.25,0.0625,0.25,0.1
12035,0,0,0,0
12047,0.25,0.0625,0.25,0.1
11408,0,0,0,0
14329,0,0,0,0
12003,0.5,0.25,0.5,0.333333333
12733,0,0,0,0
11254,0,0,0,0
10201,0.25,0.0625,0.25,0.1
10225,0.142857143,0.020408163,0.142857143,0.035714286
13310,0.5,0.25,0.5,0.333333333
11014,0,0,0,0
10660,0.5,0.25,0.5,0.333333333
11622,0,0,0,0
22220,0,0,0,0
12613,0.333333333,0.111111111,0.333333333,0.166666667
10605,0,0,0,0
10527,0.2,0.04,0.2,0.066666667
14206,0,0,0,0
12417,0,0,0,0
10509,0,0,0,0
10323,0,0,0,0
13057,0.2,0.04,0.2,0.066666667
13559,0,0,0,0
13616,0,0,0,0
11042,0,0,0,0
12828,0,0,0,0
13055,0,0,0,0
10006,0,0,0,0
12757,0,0,0,0
10016,0.1,0.01,0.1,0.018181818
12617,0,0,0,0
11723,0,0,0,0
11227,0.2,0.04,0.2,0.066666667
10604,0,0,0,0
10261,0.666666667,0.444444444,0.666666667,0.533333333
10710,0.416666667,0.173611111,0.416666667,0.245098039
13118,0,0,0,0
12558,0,0,0,0
11023,1,1,1,1
10302,0,0,0,0
12424,1,1,1,1
10000,0.2,0.04,0.2,0.066666667
13543,0,0,0,0
10800,0.666666667,0.444444444,0.666666667,0.533333333
12822,0,0,0,0
12225,0,0,0,0
11453,0,0,0,0
10820,0,0,0,0
11302,0.333333333,0.111111111,0.333333333,0.166666667
14020,0,0,0,0
10123,0,0,0,0
13059,0,0,0,0
13759,0.5,0.25,0.5,0.333333333
10428,0,0,0,0
12500,0,0,0,0
10057,0,0,0,0
10621,0,0,0,0
11717,0,0,0,0
10457,0,0,0,0
13539,1,1,1,1
13302,0,0,0,0
12324,0.083333333,0.006944444,0.083333333,0.012820513
10231,0.5,0.25,0.5,0.333333333
10202,0,0,0,0
13237,0.25,0.0625,0.25,0.1
10618,0,0,0,0
14333,0,0,0,0
11702,0.333333333,0.111111111,0.333333333,0.166666667
11021,0.666666667,0.444444444,0.666666667,0.533333333
11034,0,0,0,0
13314,0.5,0.25,0.5,0.333333333
11419,0,0,0,0
10433,0.166666667,0.027777778,0.166666667,0.047619048
13046,0.25,0.0625,0.25,0.1
10042,0,0,0,0
10834,0,0,0,0
11333,0,0,0,0
12755,1,1,1,1
12701,0.333333333,0.111111111,0.333333333,0.166666667
12227,0.333333333,0.111111111,0.333333333,0.166666667
11508,0.333333333,0.111111111,0.333333333,0.166666667
10717,0.125,0.015625,0.125,0.027777778
10850,0.5,0.5,0.5,0.5
12259,0.142857143,0.020408163,0.142857143,0.035714286
10535,0,0,0,0
10808,0.5,0.25,0.5,0.333333333
11344,0.5,0.25,0.5,0.333333333
10327,0.4,0.16,0.4,0.228571429
10224,0.5,0.25,0.5,0.333333333
11334,0.222222222,0.049382716,0.222222222,0.080808081
12631,0,0,0,0
13023,0,0,0,0
13017,0.5,0.25,0.5,0.333333333
10317,0,0,0,0
11210,1,1,1,1
10515,0.333333333,0.111111111,0.333333333,0.166666667
11022,0,0,0,0
11110,0,0,0,0
11556,0,0,0,0
13316,0.5,0.25,0.5,0.333333333
13563,0,0,0,0
11724,0,0,0,0
11762,0,0,0,0
11224,1,1,1,1
11546,0,0,0,0
11281,0,0,0,0
11016,0,0,0,0
12304,0,0,0,0
10019,0,0,0,0
13752,0,0,0,0
11542,1,1,1,1
10753,0,0,0,0
12740,0.5,0.25,0.5,0.333333333
12038,0,0,0,0
11114,0,0,0,0
12356,0,0,0,0
10400,0,0,0,0
13179,0.285714286,0.081632653,0.285714286,0.126984127
11900,0,0,0,0
10957,0.5,0.25,0.5,0.333333333
10901,0,0,0,0
10762,1,1,1,1
12758,0.111111111,0.012345679,0.111111111,0.022222222
12510,0.5,0.5,0.5,0.5
10338,0,0,0,0
13710,0.8,0.64,0.8,0.711111111
13721,0,0,0,0
11317,0,0,0,0
13506,0,0,0,0
13544,0,0,0,0
12313,0.5,0.25,0.5,0.333333333
11243,0,0,0,0
11257,0,0,0,0
14328,0.25,0.0625,0.25,0.1
13100,0,0,0,0
13511,0.4,0.16,0.4,0.228571429
10608,0,0,0,0
12354,0.25,0.0625,0.25,0.1
13200,0.333333333,0.111111111,0.333333333,0.166666667
12318,0,0,0,0
10523,0,0,0,0
10916,0,0,0,0
13211,0.5,0.25,0.5,0.333333333
10502,0,0,0,0
12563,0.3,0.09,0.3,0.138461538
10624,1,1,1,1
13320,0,0,0,0
13912,0,0,0,0
10741,0,0,0,0
11012,0.4,0.16,0.4,0.228571429
13326,0.5,0.25,0.5,0.333333333
12760,0,0,0,0
10008,0.25,0.0625,0.25,0.1
13346,0,0,0,0
14323,1,1,1,1
10664,0,0,0,0
12752,0,0,0,0
12367,0,0,0,0
10410,0,0,0,0
12360,0,0,0,0
12815,0,0,0,0
12345,0.695652174,0.483931947,0.695652174,0.570791527
14039,0,0,0,0
12054,0.166666667,0.027777778,0.166666667,0.047619048
12334,0.285714286,0.081632653,0.285714286,0.126984127
14024,0.666666667,0.444444444,0.666666667,0.533333333
10408,0.5,0.25,0.5,0.333333333
12322,0.344827586,0.118906064,0.344827586,0.17683466
11824,0.166666667,0.027777778,0.166666667,0.047619048
11356,0,0,0,0
12329,0.166666667,0.027777778,0.166666667,0.047619048
12555,0.133333333,0.017777778,0.133333333,0.031372549
12538,0.352941176,0.124567474,0.352941176,0.184143223
14279,0,0,0,0
11544,0.2,0.04,0.2,0.066666667
14372,0.166666667,0.027777778,0.166666667,0.047619048
11832,0.666666667,0.444444444,0.666666667,0.533333333
14033,0.136363636,0.018595041,0.136363636,0.032727273
13502,0,0,0,0
10315,0.5,0.25,0.5,0.333333333
10520,0,0,0,0
13327,0.363636364,0.132231405,0.363636364,0.193939394
13528,0.047619048,0.002267574,0.047619048,0.004329004
12719,0.157894737,0.024930748,0.157894737,0.043062201
13743,0.25,0.0625,0.25,0.1
14322,0.333333333,0.111111111,0.333333333,0.166666667
12706,0.2,0.04,0.2,0.066666667
10322,0.142857143,0.020408163,0.142857143,0.035714286
13524,0.333333333,0.111111111,0.333333333,0.166666667
13261,0,0,0,0
12332,0.3,0.09,0.3,0.138461538
14320,0,0,0,0
12330,0.0625,0.00390625,0.0625,0.007352941
13032,0.285714286,0.081632653,0.285714286,0.126984127
11348,0,0,0,0
14046,0.4,0.16,0.4,0.228571429
13253,0.2,0.04,0.2,0.066666667
14014,0,0,0,0
13716,0.25,0.0625,0.25,0.1
13306,0.5,0.25,0.5,0.333333333
13522,0.375,0.140625,0.375,0.204545455
13051,0.136363636,0.018595041,0.136363636,0.032727273
13500,0,0,0,0
10337,0,0,0,0
14211,0,0,0,0
12024,0.142857143,0.020408163,0.142857143,0.035714286
13735,0.2,0.04,0.2,0.066666667
11017,0,0,0,0
13426,0.5,0.25,0.5,0.333333333
12040,0,0,0,0
14058,0.333333333,0.111111111,0.333333333,0.166666667
11537,0,0,0,0
13505,0.5,0.25,0.5,0.333333333
13329,0.5,0.25,0.5,0.333333333
12748,0,0,0,0
14045,0.142857143,0.020408163,0.142857143,0.035714286
12532,0,0,0,0
11536,0,0,0,0
14382,0,0,0,0
11355,0,0,0,0
11018,0.166666667,0.027777778,0.166666667,0.047619048
12335,0,0,0,0
11525,0.25,0.0625,0.25,0.1
11750,0.333333333,0.111111111,0.333333333,0.166666667
12348,0,0,0,0
10210,0.5,0.25,0.5,0.333333333
13203,0,0,0,0
13517,0,0,0,0
12309,1,1,1,1
12518,0.285714286,0.081632653,0.285714286,0.126984127
14074,0,0,0,0
10727,0,0,0,0
13335,0.333333333,0.111111111,0.333333333,0.166666667
11324,0,0,0,0
12331,0,0,0,0
12300,0,0,0,0
13201,0.090909091,0.008264463,0.090909091,0.015151515
12717,0.5,0.25,0.5,0.333333333
11330,0.4,0.16,0.4,0.228571429
11318,0,0,0,0
11734,0,0,0,0
13014,0.333333333,0.111111111,0.333333333,0.166666667
19210,0,0,0,0
14028,0.2,0.04,0.2,0.066666667
12347,0,0,0,0
12506,0.25,0.0625,0.25,0.1
13739,0.25,0.0625,0.25,0.1
14303,0.25,0.0625,0.25,0.1
11295,0,0,0,0
10522,0.25,0.0625,0.25,0.1
12810,0,0,0,0
12746,0,0,0,0
13418,0,0,0,0
11757,0.666666667,0.444444444,0.666666667,0.533333333
13514,0,0,0,0
11329,0,0,0,0
12416,0.333333333,0.111111111,0.333333333,0.166666667
11337,0.5,0.25,0.5,0.333333333
11534,0,0,0,0
12061,0,0,0,0
12531,0,0,0,0
14056,0,0,0,0
11006,0,0,0,0
12341,0,0,0,0
10619,0,0,0,0
13724,0.666666667,0.444444444,0.666666667,0.533333333
12730,0.5,0.25,0.5,0.333333333
13701,0,0,0,0
13612,0,0,0,0
13525,0.666666667,0.444444444,0.666666667,0.533333333
13016,0,0,0,0
13244,0.5,0.25,0.5,0.333333333
10313,0,0,0,0
10801,0,0,0,0
13323,0,0,0,0
12056,0,0,0,0
10709,0.5,0.25,0.5,0.333333333
10211,0,0,0,0
14005,0.5,0.25,0.5,0.333333333
13325,0,0,0,0
14712,0,0,0,0
12004,1,1,1,1
11306,0,0,0,0
13558,0.5,0.25,0.5,0.333333333
14054,0,0,0,0
12503,0,0,0,0
12270,0,0,0,0
11539,0,0,0,0
10204,0,0,0,0
12358,0,0,0,0
12759,0,0,0,0
14360,0,0,0,0
10251,0,0,0,0
12512,0,0,0,0
12016,0,0,0,0
12700,0,0,0,0
10508,0,0,0,0
12353,0,0,0,0
10904,0,0,0,0
11256,0,0,0,0
11202,0,0,0,0
10805,0,0,0,0
10010,0,0,0,0
13328,0,0,0,0
11053,0,0,0,0
10401,0,0,0,0
15515,0,0,0,0
12058,0,0,0,0
10835,0,0,0,0
10360,0,0,0,0
10247,0,0,0,0
11325,0,0,0,0
10369,0,0,0,0
89880,0,0,0,0
11564,0,0,0,0
13202,0,0,0,0
10311,0,0,0,0
10471,0,0,0,0
11835,0,0,0,0
12262,0,0,0,0
10559,0,0,0,0
13058,0,0,0,0
11554,0,0,0,0
11848,0,0,0,0
12557,0,0,0,0
11312,0,0,0,0
10546,0,0,0,0
10506,0,0,0,0
11922,0,0,0,0
11558,0,0,0,0
10110,0,0,0,0
19830,0,0,0,0
10629,0,0,0,0
11422,0,0,0,0
10402,0,0,0,0
10544,0,0,0,0
11100,0,0,0,0
10061,0,0,0,0
11629,0,0,0,0
11351,0,0,0,0
11759,0,0,0,0
14499,0,0,0,0
11446,0,0,0,0
14509,0,0,0,0
12502,0,0,0,0
12505,0,0,0,0
98168,0,0,0,0
14011,0,0,0,0
13939,0,0,0,0
10263,0,0,0,0
11711,0,0,0,0
10504,0,0,0,0
12823,0,0,0,0
13446,0,0,0,0
11462,0,0,0,0
13551,0,0,0,0
10058,0,0,0,0
12210,0,0,0,0
10542,0,0,0,0
11239,0,0,0,0
98778,0,0,0,0
10518,0,0,0,0
10556,0,0,0,0
10009,0,0,0,0
10496,0,0,0,0
12704,0,0,0,0
12205,0,0,0,0
11609,0,0,0,0
11206,0,0,0,0
10021,0,0,0,0
11705,0,0,0,0
13324,0,0,0,0
14501,0,0,0,0
11431,0,0,0,0
10745,0,0,0,0
11639,0,0,0,0
13209,0,0,0,0
14051,0,0,0,0
10481,0,0,0,0
10271,0,0,0,0
12258,0,0,0,0
12200,0,0,0,0
10558,0,0,0,0
14443,0,0,0,0
11715,0,0,0,0
12813,0,0,0,0
10304,0,0,0,0
13748,0,0,0,0
10290,0,0,0,0
10003,0,0,0,0
14357,0,0,0,0
13027,0,0,0,0
10915,0,0,0,0
10266,0,0,0,0
10375,0,0,0,0
11802,0,0,0,0
14106,0,0,0,0
12702,0,0,0,0
10680,0,0,0,0
12715,0,0,0,0
11316,0,0,0,0
13365,0,0,0,0
10405,0,0,0,0
15369,0,0,0,0
15130,0,0,0,0
11112,0,0,0,0
12105,0,0,0,0
10708,0,0,0,0
10670,0,0,0,0
11213,0,0,0,0
12000,0,0,0,0
18801,0,0,0,0
12233,0,0,0,0
12308,0,0,0,0
10751,0,0,0,0
12567,0,0,0,0
11501,0,0,0,0
12620,0,0,0,0
11954,0,0,0,0
10429,0,0,0,0
12533,0,0,0,0
31663,0,0,0,0
10319,0,0,0,0
11947,0,0,0,0
11124,0,0,0,0
11412,0,0,0,0
11505,0,0,0,0
13904,0,0,0,0
11322,0,0,0,0
13344,0,0,0,0
11225,0,0,0,0
11555,0,0,0,0
13545,0,0,0,0
12307,0,0,0,0
11416,0,0,0,0
74855,0,0,0,0
12454,0,0,0,0
12204,0,0,0,0
10116,0,0,0,0
11405,0,0,0,0
12818,0,0,0,0
14203,0,0,0,0
12202,0,0,0,0
12564,0,0,0,0
10635,0,0,0,0
13536,0,0,0,0
10308,0,0,0,0
13217,0,0,0,0
10855,0,0,0,0
12278,0,0,0,0
12559,0,0,0,0
12495,0,0,0,0
11761,0,0,0,0
16330,0,0,0,0
13555,0,0,0,0
10298,0,0,0,0
14021,0,0,0,0
11218,0,0,0,0
11040,0,0,0,0
10849,0,0,0,0
14526,0,0,0,0
14353,0,0,0,0
10406,0,0,0,0
14008,0,0,0,0
11617,0,0,0,0
10765,0,0,0,0
11313,0,0,0,0
20367,0,0,0,0
11151,0,0,0,0
10264,0,0,0,0
13906,0,0,0,0
12050,0,0,0,0
13707,0,0,0,0
10265,0,0,0,0
11255,0,0,0,0
12289,0,0,0,0
10685,0,0,0,0
10810,0,0,0,0
11303,0,0,0,0
14530,0,0,0,0
13054,0,0,0,0
11310,0,0,0,0
13301,0,0,0,0
10749,0,0,0,0
11827,0,0,0,0
13704,0,0,0,0
10637,0,0,0,0
13814,0,0,0,0
12302,0,0,0,0
11507,0,0,0,0
11755,0,0,0,0
14314,0,0,0,0
14003,0,0,0,0
12362,0,0,0,0
13755,0,0,0,0
13702,0,0,0,0
13542,0,0,0,0
13044,0,0,0,0
10303,0,0,0,0
23552,0,0,0,0
10100,0,0,0,0
10827,0,0,0,0
12098,0,0,0,0
12508,0,0,0,0
13255,0,0,0,0
11745,0,0,0,0
13722,0,0,0,0
14349,0,0,0,0
12422,0,0,0,0
12071,0,0,0,0
13416,0,0,0,0
11579,0,0,0,0
11058,0,0,0,0
12042,0,0,0,0
11055,0,0,0,0
11758,0,0,0,0
14022,0,0,0,0
13308,0,0,0,0
11811,0,0,0,0
11056,0,0,0,0
13758,0,0,0,0
12414,0,0,0,0
14299,0,0,0,0
13620,0,0,0,0
10512,0,0,0,0
14100,0,0,0,0
12303,0,0,0,0
10757,0,0,0,0
13349,0,0,0,0
13501,0,0,0,0
14304,0,0,0,0
14091,0,0,0,0
12053,0,0,0,0
11822,0,0,0,0
11099,0,0,0,0
10841,0,0,0,0
13609,0,0,0,0
10452,0,0,0,0
14485,0,0,0,0
10600,0,0,0,0
10249,0,0,0,0
11764,0,0,0,0
13931,0,0,0,0
12261,0,0,0,0
14560,0,0,0,0
10059,0,0,0,0
13600,0,0,0,0
12246,0,0,0,0
10126,0,0,0,0
13546,0,0,0,0
14342,0,0,0,0
12057,0,0,0,0
10562,0,0,0,0
14508,0,0,0,0
14055,0,0,0,0
11502,0,0,0,0
12602,0,0,0,0
10232,0,0,0,0
10299,0,0,0,0
12247,0,0,0,0
14236,0,0,0,0
13519,0,0,0,0
12525,0,0,0,0
10088,0,0,0,0
14248,0,0,0,0
11448,0,0,0,0
25668,0,0,0,0
56560,0,0,0,0
11557,0,0,0,0
10742,0,0,0,0
12763,0,0,0,0
11746,0,0,0,0
10246,0,0,0,0
14220,0,0,0,0
10133,0,0,0,0
10581,0,0,0,0
14708,0,0,0,0
13421,0,0,0,0
10444,0,0,0,0
11060,0,0,0,0
14505,0,0,0,0
13715,0,0,0,0
11611,0,0,0,0
14065,0,0,0,0
14502,0,0,0,0
20406,0,0,0,0
14516,0,0,0,0
14514,0,0,0,0
12521,0,0,0,0
10029,0,0,0,0
13049,0,0,0,0
14615,0,0,0,0
11435,0,0,0,0